x1,x2,x3,x4,x5,x6,x7,x8,x9,label
1,3,1,0,1,-10,-2,-6,-7,NROI
2,0,12,0,-11,40,-7,-8,38,NROI
-38,-26,29,-49,2,23,-46,0,21,NROI
-44,11,8,-16,5,0,-18,3,0,NROI
11,8,-10,5,0,-14,3,0,-15,NROI
22,4,-4,14,0,-9,14,-1,-9,NROI
9,1,0,5,-4,-5,4,-4,-6,NROI
5,4,3,0,-1,-3,0,-2,-3,NROI
6,5,5,1,-1,-1,0,-1,0,NROI
4,4,4,-2,-2,0,-2,-1,3,NROI
1,1,2,-5,-3,-2,-4,0,0,NROI
1,2,2,-3,-2,-3,0,0,-3,NROI
4,4,4,0,-1,-1,2,-1,-2,NROI
4,4,6,-1,-1,2,-1,-2,0,NROI
1,3,7,-4,-1,3,-5,-3,0,NROI
0,4,-19,-4,0,8,-6,-3,7,NROI
7,-16,-33,3,11,-34,0,10,-15,NROI
13,-4,0,40,-5,-5,39,14,-11,NROI
1,5,2,0,0,-2,19,-6,-7,NROI
8,5,-10,3,1,0,-3,-4,0,NROI
5,-10,-37,1,0,-75,-4,0,6,NROI
-10,-37,46,0,-75,41,0,6,-93,NROI
-72,11,11,-110,6,8,-29,-128,0,NROI
3,3,0,-2,0,0,-136,-8,-1,NROI
3,0,3,0,0,0,-8,-1,10,NROI
0,3,-95,0,0,3,-1,10,63,NROI
3,-95,-42,0,3,-43,10,63,-45,NROI
-53,0,2,45,-1,0,105,-3,-7,NROI
6,7,-4,4,0,-1,-1,0,1,NROI
6,-5,46,-1,-2,44,-1,0,44,NROI
-49,2,23,-46,0,21,-44,0,20,NROI
-16,5,0,-18,3,0,-18,2,0,NROI
5,0,-14,3,0,-15,2,0,-14,NROI
14,0,-9,14,-1,-9,14,0,-6,NROI
9,0,-1,8,0,-2,9,3,0,NROI
1,0,-2,1,-1,-2,4,1,0,NROI
1,-1,-1,0,-1,0,2,1,3,NROI
-1,-1,1,-1,0,4,1,3,-1,NROI
-2,0,1,-1,3,3,2,-2,-26,NROI
0,1,0,3,3,0,-2,-26,3,NROI
1,0,0,3,0,-1,-26,3,-2,NROI
0,0,3,0,-1,1,3,-2,2,NROI
-2,1,5,-3,-1,2,-4,0,2,NROI
-1,3,11,-3,0,10,-2,0,8,NROI
3,11,-34,0,10,-15,0,8,-8,NROI
26,-19,-19,25,0,-25,23,7,-16,NROI
0,0,-2,19,-6,-7,26,3,-2,NROI
2,0,-1,-4,-5,-1,5,0,1,NROI
0,-1,-76,-5,-1,5,0,1,9,NROI
0,-75,41,0,6,-93,2,10,-47,NROI
-81,35,37,0,-99,29,4,-53,-14,NROI
0,2,2,-134,-6,1,-88,-49,28,NROI
0,0,0,-8,-1,10,-51,26,64,NROI
-10,-10,-7,-11,0,53,16,54,59,NROI
-3,0,-46,7,60,-48,61,66,-53,NROI
46,0,1,106,-2,-6,112,-7,-6,NROI
4,0,-1,-1,0,1,-7,55,-4,NROI
-1,-2,44,-1,0,44,54,-5,44,NROI
-46,0,21,-44,0,20,-49,0,27,NROI
-18,3,0,-18,2,0,-18,9,1,NROI
3,0,-15,2,0,-14,9,1,-12,NROI
14,-1,-9,14,0,-6,15,2,-5,NROI
4,-4,-6,5,-1,-4,7,0,0,NROI
0,-2,-3,3,0,-1,4,4,-5,NROI
0,-1,0,2,1,3,6,-3,-6,NROI
0,1,5,2,4,0,-2,-5,-20,NROI
1,5,5,4,0,-24,-5,-20,-49,NROI
5,5,2,0,-24,5,-20,-49,-71,NROI
5,2,1,-24,5,0,-49,-71,-82,NROI
0,-1,1,3,-2,2,-73,-84,1,NROI
-2,0,3,-3,1,3,-85,0,5,NROI
-3,0,10,-2,0,8,-3,2,11,NROI
0,10,-15,0,8,-8,2,11,-11,NROI
21,-4,-29,19,3,-20,22,0,-12,NROI
10,-15,-16,17,-6,-11,14,2,0,NROI
-5,-6,-2,4,-1,0,12,10,10,NROI
-10,-6,0,-5,-4,4,6,6,9,NROI
-6,0,-99,-4,4,-53,6,9,5,NROI
0,-99,29,4,-53,-14,9,5,-92,NROI
-104,24,31,-58,-19,58,0,-97,95,NROI
-18,-11,0,-61,16,54,-139,53,57,NROI
-64,-53,0,-37,1,6,0,4,5,NROI
-53,0,-108,1,6,-113,4,5,-119,NROI
108,0,-4,114,-5,-4,113,-11,51,NROI
-1,0,1,-7,55,-4,29,63,-5,NROI
-45,-44,0,10,-49,0,18,-50,1,NROI
-44,0,20,-49,0,27,-50,1,27,NROI
-19,1,-1,-19,8,0,-18,8,1,NROI
1,-1,-15,8,0,-13,8,1,-12,NROI
12,-2,-8,13,0,-7,14,1,-7,NROI
5,-1,-4,7,0,0,8,0,11,NROI
-1,-4,-5,0,0,-9,0,11,2,NROI
0,-1,1,4,-5,-8,15,6,0,NROI
2,4,0,-2,-5,-20,9,3,-12,NROI
16,12,-12,7,-8,-37,15,0,-28,NROI
24,0,29,4,-25,-47,12,-16,-62,NROI
25,54,49,0,-22,-33,9,-37,-57,NROI
76,71,75,0,-11,74,-15,-35,-46,NROI
0,4,6,-82,3,8,-106,-117,-83,NROI
-2,0,8,-3,2,11,-123,-89,12,NROI
0,8,-8,2,11,-11,-89,12,-12,NROI
19,3,-20,22,0,-12,23,-1,-19,NROI
15,-8,-13,12,0,-2,11,-7,49,NROI
-6,-11,-10,2,0,0,-5,51,0,NROI
-11,-10,-2,0,0,3,51,0,3,NROI
-10,-2,-59,0,3,-1,0,3,0,NROI
-1,-58,-19,4,0,-97,4,1,98,NROI
-59,-20,57,-1,-98,94,0,97,97,NROI
-115,-38,0,-193,-1,3,2,2,0,NROI
-38,0,5,-1,3,4,2,0,-55,NROI
0,5,-114,3,4,-120,0,-55,-84,NROI
63,-56,-55,62,-62,0,3,-26,8,NROI
-36,26,-33,0,34,-34,46,35,-32,NROI
9,-50,-1,17,-51,0,18,-49,3,NROI
-50,-1,26,-51,0,26,-49,3,26,NROI
-19,8,0,-18,8,1,-15,8,0,NROI
8,0,-13,8,1,-12,8,0,-13,NROI
13,0,-7,14,1,-7,13,0,-21,NROI
1,-6,-6,2,-6,5,1,-20,0,NROI
0,0,-9,0,11,2,-14,6,-2,NROI
2,-7,-10,13,4,-2,8,0,-16,NROI
3,0,-15,14,8,-7,10,-6,-10,NROI
10,-5,-34,18,3,-25,4,0,-13,NROI
20,-9,-31,28,0,-46,25,12,-61,NROI
33,11,0,42,-4,-24,54,-19,-18,NROI
29,18,103,14,-6,-17,-1,0,-17,NROI
18,103,108,-6,-17,17,0,-17,-16,NROI
77,82,91,-43,-9,92,-43,-42,0,NROI
14,23,1,-77,24,0,-110,-68,-1,NROI
24,2,-10,25,1,-17,-67,0,-16,NROI
2,-10,-12,1,-17,39,0,-16,77,NROI
2,0,0,-5,51,0,-4,89,14,NROI
-3,-3,0,48,-3,0,86,11,3,NROI
-3,0,-4,-3,0,-3,11,3,95,NROI
0,-4,-101,0,-3,94,3,95,93,NROI
-97,-194,-2,-96,1,1,2,0,1,NROI
-194,-2,2,1,1,-1,0,1,-47,NROI
-1,3,4,2,0,-55,2,-46,-111,NROI
49,50,-74,46,-9,-38,0,-65,8,NROI
59,-65,-3,0,-29,5,-56,17,6,NROI
-34,0,-68,12,1,-66,10,1,-67,NROI
17,-51,0,18,-49,3,18,-50,0,NROI
-51,0,26,-49,3,26,-50,0,26,NROI
-18,8,1,-15,8,0,-18,8,-1,NROI
8,1,-12,8,0,-13,8,-1,-14,NROI
14,1,-7,13,0,-21,12,-1,-7,NROI
2,-6,5,1,-20,0,0,-6,-1,NROI
0,11,2,-14,6,-2,0,5,-11,NROI
13,4,-2,8,0,-16,7,-9,-16,NROI
20,14,-1,16,0,-4,7,0,-48,NROI
18,3,-25,4,0,-13,4,-44,-53,NROI
47,19,-27,44,31,-42,0,-9,-28,NROI
47,1,-19,59,-14,-13,19,0,-2,NROI
15,-5,-16,0,1,-16,14,12,-6,NROI
0,-11,23,6,-11,-10,17,-1,1,NROI
-10,24,125,-10,-9,33,0,2,-4,NROI
-9,92,68,-42,0,67,-31,-37,58,NROI
41,17,-1,-51,16,0,-88,7,-7,NROI
1,-17,39,0,-16,77,-9,-23,60,NROI
-5,51,0,-4,89,14,-11,72,-65,NROI
45,-6,-3,83,8,0,66,-71,-99,NROI
-3,0,-3,11,3,95,-68,-96,90,NROI
-90,-93,4,-87,5,3,-186,0,3,NROI
-96,1,1,2,0,1,-3,0,-14,NROI
1,1,-1,0,1,-47,0,-14,-97,NROI
48,46,-9,48,0,-65,33,-50,-68,NROI
55,0,-29,9,-56,17,-41,-59,15,NROI
-5,-34,0,-61,12,1,-64,10,1,NROI
11,0,-67,9,0,-68,2,-10,-73,NROI
18,-49,3,18,-50,0,8,-55,-4,NROI
-49,3,26,-50,0,26,-55,-4,21,NROI
-14,9,1,-17,9,0,-21,4,-3,NROI
9,1,-12,9,0,-13,4,-3,-23,NROI
14,1,-20,13,0,-6,10,-10,-7,NROI
2,-19,1,1,-5,0,-9,-6,5,NROI
-14,6,-2,0,5,-11,-1,10,2,NROI
8,0,-16,7,-9,-16,12,4,-32,NROI
16,0,-4,7,0,-48,20,-16,-33,NROI
17,13,0,17,-31,-40,1,-16,-26,NROI
41,28,-45,-3,-12,-31,12,2,0,NROI
42,-31,-30,2,-17,-19,16,14,0,NROI
-12,-11,-28,2,0,-18,33,19,20,NROI
0,-17,-16,11,-7,-5,30,31,30,NROI
-12,-11,31,-2,0,-6,36,35,24,NROI
-35,7,74,-24,-30,65,11,0,-3,NROI
0,67,51,-37,58,44,-7,-10,-34,NROI
16,0,93,7,-7,76,-61,-85,-95,NROI
7,100,25,0,83,-54,-78,-88,-76,NROI
154,79,71,137,0,-28,-34,-22,-34,NROI
8,0,92,-71,-99,87,-93,-105,86,NROI
-86,6,4,-185,1,4,-191,0,-4,NROI
5,3,4,0,3,-11,-1,-5,-101,NROI
14,15,-33,14,0,-83,6,-90,-102,NROI
105,57,-8,90,7,-11,0,-12,-10,NROI
50,-15,58,0,-18,56,-19,-17,49,NROI
-62,11,0,-65,9,0,-64,2,-10,NROI
17,8,-60,10,-2,-65,12,0,-71,NROI
22,-46,4,12,-51,0,14,-57,-4,NROI
-46,4,30,-51,0,25,-57,-4,25,NROI
-14,12,3,-18,7,0,-22,7,0,NROI
12,3,-10,7,0,-20,7,0,-9,NROI
13,0,-6,10,-10,-7,10,1,-44,NROI
1,-5,0,-9,-6,5,2,-43,6,NROI
0,5,-11,-1,10,2,-38,11,-19,NROI
16,0,-7,21,13,-23,22,-8,-17,NROI
17,10,-38,30,-6,-23,9,0,-14,NROI
30,-18,-27,14,-3,-13,20,6,0,NROI
-5,-14,-33,10,0,-2,19,13,9,NROI
-12,-31,-33,2,0,-14,15,11,15,NROI
-18,-20,-38,13,-1,0,24,28,14,NROI
-19,-37,-35,0,1,0,29,15,18,NROI
-36,-34,-40,2,1,-10,16,19,0,NROI
-24,-30,65,11,0,-3,29,10,-28,NROI
-27,68,54,3,0,-24,13,-25,-2,NROI
70,56,139,2,-22,-32,-23,0,-17,NROI
56,139,2,-22,-32,-20,0,-17,38,NROI
156,19,-9,-15,-3,-15,0,55,64,NROI
-36,-64,122,-58,-70,121,0,9,124,NROI
-181,5,8,-187,4,0,-108,7,-56,NROI
5,8,-6,4,0,-96,7,-56,-107,NROI
97,83,0,89,-7,-19,33,-18,-19,NROI
101,18,0,11,-1,1,0,-1,-1,NROI
17,-1,73,-2,0,66,-2,-2,68,NROI
-57,17,8,-56,10,-2,-58,12,0,NROI
12,0,-63,14,2,-69,10,-6,-68,NROI
16,-47,4,18,-53,0,10,-52,-3,NROI
-47,4,29,-53,0,29,-52,-3,29,NROI
-18,7,0,-22,7,0,-25,7,0,NROI
7,0,-20,7,0,-9,7,0,-13,NROI
13,-7,-4,13,4,-41,13,0,-65,NROI
-5,-2,9,6,-39,10,2,-63,0,NROI
0,11,3,-37,12,-18,-61,2,-21,NROI
29,21,-15,30,0,-9,20,-3,-1,NROI
24,-12,-29,3,-6,-20,0,2,6,NROI
0,-17,-27,6,-8,-14,14,18,60,NROI
-3,-13,-15,6,0,-4,32,74,43,NROI
-13,-15,-29,0,-4,0,74,43,84,NROI
-11,-25,-24,0,4,-10,47,88,118,NROI
-15,-14,-15,14,0,3,98,128,-3,NROI
0,-1,-12,14,17,-2,142,11,-20,NROI
11,0,-3,29,10,-28,23,-8,-13,NROI
8,5,-19,18,-20,3,0,-5,-10,NROI
15,-9,-19,-10,13,-4,5,0,94,NROI
-9,-19,-7,13,-4,51,0,94,93,NROI
-70,-58,-70,-55,0,9,43,42,115,NROI
-100,-112,79,-42,-33,82,0,73,71,NROI
-183,8,4,-104,11,-52,2,0,-88,NROI
60,56,-40,63,0,-51,52,-36,-54,NROI
107,11,-1,51,0,-1,15,-3,0,NROI
11,-1,1,0,-1,-1,-3,0,3,NROI
-2,0,66,-2,-2,68,-1,2,64,NROI
-54,12,0,-56,14,2,-52,10,-6,NROI
16,4,-67,12,-4,-66,6,0,-68,NROI
21,-50,3,13,-49,0,17,-51,-1,NROI
-50,3,32,-49,0,32,-51,-1,32,NROI
-22,7,0,-25,7,0,-26,7,1,NROI
7,0,-9,7,0,-13,7,1,-15,NROI
13,4,-41,13,0,-65,14,-2,-91,NROI
6,-39,10,2,-63,0,0,-89,-17,NROI
-19,30,0,-43,20,-3,-69,3,12,NROI
27,-3,-12,17,-6,-4,0,9,1,NROI
0,-9,-23,-3,-1,3,12,4,77,NROI
-12,-26,-32,-4,0,42,1,74,90,NROI
-37,-43,-47,-11,31,0,63,79,59,NROI
-74,-78,-74,0,-31,10,48,28,28,NROI
-47,-43,-57,0,41,71,59,59,-89,NROI
11,-3,0,95,125,-6,113,-35,-16,NROI
13,16,-3,141,10,-21,-19,0,-2,NROI
18,-1,-39,12,-19,-24,2,0,65,NROI
15,-23,0,-3,-8,-13,16,81,94,NROI
-23,0,-17,-8,-13,81,81,94,34,NROI
-38,-55,0,-51,43,42,56,-4,128,NROI
-97,-42,-33,1,0,73,-46,86,80,NROI
-113,-104,11,-71,2,0,15,9,-40,NROI
-64,51,-12,42,40,-48,49,0,-69,NROI
99,36,-15,88,0,-18,48,-21,-20,NROI
52,1,0,16,-2,1,-5,-4,0,NROI
1,0,0,-2,1,4,-4,0,3,NROI
-3,-3,67,-2,1,63,-3,0,57,NROI
-54,16,4,-50,12,-4,-51,6,0,NROI
12,-4,-66,6,0,-68,6,4,-70,NROI
14,-48,1,18,-50,0,22,-52,-5,NROI
-48,1,33,-50,0,33,-52,-5,33,NROI
-25,7,0,-26,7,1,-31,7,0,NROI
7,0,-13,7,1,-15,7,0,-12,NROI
13,0,-65,14,-2,-91,13,1,-124,NROI
7,-58,5,5,-84,-12,8,-117,0,NROI
-46,17,-6,-72,0,9,-105,12,13,NROI
8,-15,-13,-9,0,-8,3,4,58,NROI
-15,-13,-9,0,-8,65,4,58,64,NROI
-59,-55,-13,-54,19,35,12,18,0,NROI
-70,-28,-59,4,20,0,3,-15,21,NROI
-13,-44,-3,35,15,15,0,36,-89,NROI
-41,0,30,18,18,-130,39,-86,-94,NROI
87,117,-14,105,-43,-24,1,-7,0,NROI
141,10,-21,-19,0,-2,17,24,-17,NROI
10,-21,-26,0,-2,63,24,-17,10,NROI
-19,-24,-29,0,65,78,-15,12,115,NROI
-89,-94,0,0,13,-47,-53,50,82,NROI
-107,-13,-14,0,-60,72,37,69,65,NROI
-72,-73,0,-119,13,7,10,6,-1,NROI
-72,1,-1,14,8,-41,7,0,-76,NROI
42,40,-48,49,0,-69,41,-35,-69,NROI
106,18,0,66,-3,-2,31,-3,-2,NROI
18,0,3,-3,-2,2,-3,-2,1,NROI
-2,1,4,-4,0,3,-4,-1,2,NROI
-2,1,63,-3,0,57,-4,-1,57,NROI
-50,12,-4,-51,6,0,-52,6,4,NROI
2,-4,-72,2,0,-74,3,1,-75,NROI
23,-45,5,27,-47,0,28,-48,-2,NROI
-45,5,38,-47,0,38,-48,-2,36,NROI
-26,7,1,-31,7,0,-33,5,-3,NROI
7,1,-15,7,0,-12,5,-3,-16,NROI
16,0,-89,15,3,-122,12,-1,-8,NROI
5,-84,-12,8,-117,0,4,-3,2,NROI
-81,-9,0,-114,3,4,0,5,76,NROI
-13,-4,-12,-1,0,54,1,72,70,NROI
-64,-72,1,-60,-6,0,12,10,9,NROI
-73,0,16,-7,-1,-19,9,8,11,NROI
0,16,-4,-1,-19,17,8,11,-107,NROI
20,0,0,-15,21,-104,15,-103,-104,NROI
103,103,-45,124,-1,-9,0,-1,4,NROI
105,-43,-24,1,-7,0,1,6,-19,NROI
-19,0,-2,17,24,-17,30,5,-20,NROI
0,-2,63,24,-17,10,5,-20,-27,NROI
-12,53,66,-27,0,103,-30,-37,133,NROI
-13,0,-60,-66,37,69,-103,67,55,NROI
-64,-124,8,-27,5,1,3,-9,0,NROI
-124,8,2,5,1,-6,-9,0,-15,NROI
14,8,-41,7,0,-76,6,-9,-107,NROI
84,35,-34,76,0,-34,67,-31,-35,NROI
68,-1,0,33,-1,0,2,-2,8,NROI
-1,0,4,-1,0,3,-2,8,15,NROI
-6,-2,1,-6,-3,0,2,9,6,NROI
-8,-5,52,-9,-6,52,3,0,53,NROI
-55,2,-4,-56,2,0,-50,3,1,NROI
1,-1,-75,2,0,-76,1,8,-78,NROI
29,-45,2,30,-46,0,38,-48,-2,NROI
-45,2,40,-46,0,38,-48,-2,38,NROI
-28,10,3,-30,8,0,-32,8,0,NROI
10,3,-9,8,0,-13,8,0,-31,NROI
16,4,-121,13,0,-7,13,-18,-23,NROI
8,-117,0,4,-3,2,-14,-19,67,NROI
-118,-1,0,-4,1,72,-20,66,78,NROI
-67,-66,-12,-65,6,4,0,12,6,NROI
-69,-15,-9,3,1,0,9,3,-1,NROI
-14,-8,-26,2,1,4,4,0,-137,NROI
0,-18,18,9,12,-106,8,-129,-145,NROI
88,124,-1,118,0,-1,-23,-39,103,NROI
124,-1,-9,0,-1,4,-39,103,71,NROI
0,-8,-1,0,5,-20,104,72,23,NROI
0,7,-34,13,-12,-37,80,31,-11,NROI
18,-23,4,-1,-26,-33,42,0,137,NROI
-27,0,103,-30,-37,133,-4,133,125,NROI
-121,-18,14,-158,12,0,12,4,-13,NROI
-27,5,1,3,-9,0,-5,-22,1,NROI
11,7,0,-3,6,-9,-16,7,-79,NROI
16,9,-67,15,0,-98,16,-70,-98,NROI
105,29,-5,96,-2,-6,26,-2,0,NROI
31,-3,-2,0,-4,6,0,2,4,NROI
-5,-4,-1,-6,4,11,0,2,5,NROI
-8,-5,-2,0,7,4,-2,1,8,NROI
-12,-9,49,0,-3,50,-6,1,49,NROI
-57,1,-1,-51,2,0,-47,1,8,NROI
1,-1,-77,0,7,-79,3,14,-80,NROI
32,-44,2,40,-46,0,47,-47,-5,NROI
-44,2,40,-46,0,40,-47,-5,29,NROI
-30,8,0,-32,8,0,-37,-3,11,NROI
8,0,-13,8,0,-31,-3,11,1,NROI
0,-13,-20,0,-31,-36,11,1,21,NROI
0,-7,-2,-18,-23,63,14,34,54,NROI
-58,-53,18,-74,12,24,-17,3,0,NROI
-69,2,0,-4,8,2,-13,-16,6,NROI
2,0,-1,8,2,-2,-16,6,-91,NROI
1,0,3,3,-1,-138,7,-90,-153,NROI
90,93,-25,89,-48,-64,0,-63,10,NROI
118,0,-1,-23,-39,103,-38,35,54,NROI
-9,-10,-5,-48,94,62,26,45,0,NROI
-23,-18,-43,81,49,0,32,-13,14,NROI
0,-25,-50,67,18,-24,5,32,-2,NROI
-23,-48,-55,20,-22,115,34,0,84,NROI
-132,-139,31,-106,31,23,-84,0,25,NROI
-158,12,0,12,4,-13,-19,6,-33,NROI
8,-4,5,0,-17,6,2,-37,-3,NROI
6,15,0,-7,16,-70,-27,7,-83,NROI
85,70,-28,86,0,-28,77,-13,-25,NROI
95,-3,-7,25,-3,-1,12,0,1,NROI
-3,-7,3,-3,-1,1,0,1,5,NROI
-10,0,7,-4,-2,1,-2,2,8,NROI
-2,5,2,-4,-1,6,0,6,-48,NROI
-1,-4,49,-7,0,48,0,-54,51,NROI
-52,1,-1,-48,0,7,-102,3,14,NROI
-3,4,-82,0,11,-83,17,19,-80,NROI
45,-41,5,52,-42,0,60,-39,0,NROI
-41,5,45,-42,0,34,-39,0,33,NROI
-29,11,3,-34,0,14,-34,-1,20,NROI
7,-1,-32,-4,10,0,-5,16,36,NROI
-11,-42,-47,0,-10,10,6,26,48,NROI
-68,-73,13,-36,-16,4,0,22,18,NROI
-77,9,21,-20,0,-3,18,14,-42,NROI
-5,7,1,-14,-17,5,0,-56,5,NROI
10,4,0,-14,8,-89,-53,8,-124,NROI
58,54,-83,62,-35,-98,62,-70,0,NROI
94,-43,-59,5,-58,15,-30,40,0,NROI
-43,-59,83,-58,15,34,40,0,-32,NROI
-59,83,51,15,34,-11,0,-32,-14,NROI
69,37,-12,20,-25,2,-46,-28,0,NROI
62,13,-29,0,27,-7,-3,25,-38,NROI
-12,-54,83,2,-32,52,0,-63,10,NROI
-106,31,23,-84,0,25,-115,-42,14,NROI
25,17,0,-6,19,-20,-48,8,-52,NROI
9,-8,15,11,-28,6,0,-60,-2,NROI
20,43,-43,0,34,-56,-32,26,-72,NROI
99,13,-15,90,0,-12,82,-16,-11,NROI
24,-4,-2,11,-1,0,-5,0,3,NROI
-4,-2,0,-1,0,4,0,3,7,NROI
-5,-3,0,-3,1,7,0,4,-58,NROI
-3,0,7,1,7,-47,4,-58,-67,NROI
-7,0,48,0,-54,51,-65,-74,68,NROI
-51,-3,4,-105,0,11,-125,17,19,NROI
-11,0,-94,6,8,-91,9,16,-91,NROI
52,-42,0,60,-39,0,68,-39,-1,NROI
-42,0,34,-39,0,33,-39,-1,28,NROI
-33,1,15,-33,0,21,-34,-5,33,NROI
-14,0,-10,-15,6,26,-20,18,29,NROI
-18,-28,-8,-12,8,30,0,11,24,NROI
-40,-20,0,-4,18,14,-1,12,3,NROI
-20,0,-3,18,14,-42,12,3,-33,NROI
0,-3,19,14,-42,19,3,-33,-66,NROI
30,52,-45,-9,52,-80,0,-33,37,NROI
62,-35,-98,62,-70,0,-23,47,7,NROI
-6,-69,4,-41,29,-11,76,36,0,NROI
-69,4,23,29,-11,-43,36,0,-18,NROI
15,34,-11,0,-32,-14,11,-7,8,NROI
26,-19,8,-40,-22,6,-15,0,22,NROI
0,27,-7,-3,25,-38,19,41,-80,NROI
0,-34,50,-2,-65,8,14,-107,6,NROI
-42,42,67,-73,0,56,-115,-2,52,NROI
14,39,0,-28,28,-32,-30,24,-51,NROI
15,-24,10,4,-56,2,0,-75,-68,NROI
44,78,-12,12,70,-28,-7,0,-24,NROI
101,11,-1,93,-5,0,23,-1,0,NROI
11,-1,0,-5,0,3,-1,0,2,NROI
-1,0,4,0,3,7,0,2,-64,NROI
-2,2,8,1,5,-57,0,-66,-87,NROI
59,65,11,62,0,-9,-9,-30,-33,NROI
54,0,105,-11,-20,122,-41,-44,125,NROI
-116,-11,0,-136,6,8,-160,9,16,NROI
0,2,-97,3,10,-97,3,-9,-95,NROI
61,-38,1,69,-38,0,50,-36,-4,NROI
-38,1,34,-38,0,29,-36,-4,41,NROI
-33,0,21,-34,-5,33,-38,7,36,NROI
-33,-12,8,-38,0,11,-26,3,26,NROI
-20,0,22,-8,3,16,-5,18,-32,NROI
-7,15,11,-4,9,0,11,-39,-16,NROI
31,27,-29,25,16,-20,-23,0,-70,NROI
27,-29,32,16,-20,-53,0,-70,19,NROI
-9,52,-80,0,-33,37,-50,39,34,NROI
53,-79,-9,-32,38,-2,40,35,0,NROI
-70,0,-40,47,7,-29,44,9,-19,NROI
29,-11,-43,36,0,-18,38,10,-9,NROI
0,-32,-14,11,-7,8,21,2,-5,NROI
-27,-9,19,-2,13,35,7,0,-39,NROI
-1,27,-36,21,43,-78,8,-31,0,NROI
0,-63,10,16,-105,8,-58,-27,86,NROI
-73,0,56,-115,-2,52,-37,76,45,NROI
-4,52,-8,-6,48,-27,72,41,0,NROI
52,-8,50,48,-27,-20,41,0,-42,NROI
19,77,-21,0,7,-17,27,-15,-16,NROI
93,-5,0,23,-1,0,1,0,1,NROI
-5,0,3,-1,0,2,0,1,2,NROI
-1,2,6,-1,1,-65,0,1,-75,NROI
58,62,0,57,-9,-30,57,-19,-37,NROI
81,19,10,10,-11,-14,0,-18,-22,NROI
9,0,142,-21,-24,145,-28,-32,145,NROI
-142,0,2,-166,3,10,-174,3,-9,NROI
12,19,-88,12,0,-86,22,-3,-94,NROI
69,-38,0,50,-36,-4,47,-44,0,NROI
-38,0,29,-36,-4,41,-44,0,27,NROI
-29,0,38,-33,12,41,-29,-2,67,NROI
-38,0,11,-26,3,26,-40,29,-27,NROI
-3,8,21,0,23,-27,26,-30,-5,NROI
12,25,16,27,-23,0,-26,-1,-59,NROI
45,36,0,-3,20,-50,19,-39,-51,NROI
36,0,-33,20,-50,39,-39,-51,40,NROI
-31,-64,6,-81,8,3,-82,9,0,NROI
-64,6,-34,8,3,-32,9,0,-17,NROI
38,-2,-38,35,0,-28,32,15,-18,NROI
26,-10,-28,28,0,-19,43,10,-8,NROI
0,-18,-3,10,-9,-16,20,2,29,NROI
-9,6,28,0,-7,-46,11,38,-20,NROI
13,35,-86,0,-39,-8,45,-13,36,NROI
8,-113,0,-66,-35,78,-40,9,80,NROI
-158,-45,9,-80,33,2,-36,35,0,NROI
-45,9,-66,33,2,-39,35,0,-4,NROI
48,-27,-20,41,0,-42,39,35,-45,NROI
15,22,-2,42,0,-1,77,-3,-1,NROI
23,-1,0,1,0,1,-2,0,2,NROI
-2,-1,1,-1,0,1,-1,1,5,NROI
-1,1,-65,0,1,-75,1,5,-98,NROI
76,10,-11,76,0,-18,80,-23,-23,NROI
28,7,4,18,0,-4,-5,-5,-3,NROI
3,0,169,-4,-8,169,-9,-7,179,NROI
-157,12,19,-165,12,0,-164,22,-3,NROI
15,3,-83,25,0,-91,33,-14,-86,NROI
54,-32,0,51,-40,4,37,-35,-1,NROI
-32,0,45,-40,4,31,-35,-1,55,NROI
-45,0,29,-41,-14,55,-46,10,57,NROI
-11,18,41,-25,44,-12,-1,46,0,NROI
3,26,-24,29,-27,-2,31,-15,0,NROI
41,-9,14,-12,13,-45,0,15,-22,NROI
0,23,-47,22,-36,-48,24,-13,51,NROI
0,-70,19,-59,-71,20,-36,28,25,NROI
-89,0,-5,-90,1,-8,9,6,3,NROI
2,-3,-38,3,-6,-23,8,5,0,NROI
20,-15,-43,17,0,-33,28,23,-13,NROI
18,-10,-29,33,0,-18,56,20,-15,NROI
5,-14,-21,15,-3,24,35,0,-24,NROI
7,0,-39,18,45,-13,21,-3,-1,NROI
1,-38,-7,46,-12,37,-2,0,85,NROI
-75,-44,69,-49,0,71,-37,48,52,NROI
-82,31,0,-38,33,-2,10,14,-2,NROI
33,2,-39,35,0,-4,16,0,-1,NROI
6,-35,-77,4,0,-80,4,3,-78,NROI
42,0,-1,77,-3,-1,80,-1,1,NROI
0,-1,0,-3,-1,1,-1,1,5,NROI
-2,-1,0,-2,0,4,0,4,11,NROI
-1,0,-76,0,4,-99,4,11,-101,NROI
94,18,0,98,-5,-5,105,-7,-6,NROI
22,4,0,-1,-1,1,-3,-2,16,NROI
0,-4,173,-5,-3,183,-6,12,191,NROI
-162,15,3,-161,25,0,-146,33,-14,NROI
25,0,-91,33,-14,-86,32,7,-82,NROI
52,-39,5,38,-34,0,59,-30,0,NROI
-39,5,32,-34,0,56,-30,0,77,NROI
-51,-24,45,-56,0,47,-56,21,31,NROI
-25,44,-12,-1,46,0,20,30,-4,NROI
31,-25,0,33,-13,2,17,-17,-15,NROI
-8,17,-41,4,19,-18,0,2,-2,NROI
15,-43,-55,17,-20,44,0,-4,36,NROI
-73,-85,6,-50,14,11,-34,6,0,NROI
-91,0,-9,8,5,2,0,-6,8,NROI
3,-6,-23,8,5,0,-3,11,-1,NROI
0,-17,-50,11,6,-30,17,5,-31,NROI
14,-19,-37,37,1,-34,36,0,-18,NROI
0,-18,9,20,-15,-39,19,1,-24,NROI
6,33,-25,9,-15,-13,25,0,-23,NROI
46,-12,37,-2,0,85,13,-10,-39,NROI
-49,0,71,-37,48,52,-47,-76,49,NROI
-36,35,0,12,16,0,-112,13,-1,NROI
35,0,-4,16,0,-1,13,-1,-12,NROI
4,0,-80,4,3,-78,3,-8,-39,NROI
39,-41,-39,42,-39,-37,31,0,8,NROI
-4,-2,0,-2,0,4,37,45,27,NROI
-6,-4,0,-4,0,7,41,23,-1,NROI
-3,1,-102,1,8,-104,24,0,-86,NROI
87,-16,-16,94,-18,-17,86,0,55,NROI
-2,-2,0,-4,-3,15,14,69,175,NROI
-71,-69,117,-72,-54,125,0,106,124,NROI
-168,18,-7,-153,26,-21,7,25,0,NROI
47,0,-72,46,21,-68,-27,20,-68,NROI
38,-34,0,59,-30,0,58,-30,-12,NROI
-34,0,56,-30,0,77,-30,-12,94,NROI
-77,-21,26,-77,0,10,-89,17,7,NROI
-28,19,-27,-7,3,-31,10,0,7,NROI
19,-27,-12,3,-31,-29,0,7,4,NROI
2,17,-20,-2,0,-4,36,33,-20,NROI
17,-20,44,0,-4,36,33,-20,-12,NROI
-46,18,15,-30,10,4,-46,-38,0,NROI
7,4,1,-1,-7,7,-49,-11,0,NROI
8,5,0,-3,11,-1,-7,4,-12,NROI
6,1,-35,12,0,-36,5,-11,-36,NROI
37,1,-34,36,0,-18,25,0,-31,NROI
32,-3,-27,31,13,-12,31,0,-11,NROI
9,-15,-13,25,0,-23,12,1,-32,NROI
0,2,87,15,-8,-37,16,-17,-38,NROI
10,95,99,0,-29,96,-9,-30,-52,NROI
13,17,1,-111,14,0,-112,-134,-10,NROI
17,1,0,14,0,-11,-134,-10,-37,NROI
12,11,-70,11,0,-31,1,-26,-59,NROI
42,-39,-37,31,0,8,5,-28,-23,NROI
-16,-14,-10,23,31,13,-5,0,15,NROI
-11,-7,0,34,16,-8,3,18,-49,NROI
1,8,-104,24,0,-86,26,-41,-57,NROI
49,-63,-62,41,-45,10,0,-16,95,NROI
-47,-46,-28,-29,26,132,0,111,108,NROI
-154,-136,43,-82,24,42,3,0,-31,NROI
-152,27,-20,8,26,1,-16,-47,0,NROI
49,24,-65,-24,23,-65,42,0,-71,NROI
70,-19,11,69,-19,-1,46,-25,0,NROI
-19,11,88,-19,-1,105,-25,0,111,NROI
-84,-7,3,-96,10,0,-95,16,20,NROI
-14,-4,-38,3,-7,0,9,13,5,NROI
-1,-35,-33,-4,3,0,16,8,8,NROI
-22,-20,-24,16,13,-40,21,21,0,NROI
-16,-20,20,17,-36,-28,25,4,0,NROI
-21,19,13,-37,-29,9,3,-1,0,NROI
6,0,14,-42,-4,7,-14,-13,3,NROI
0,14,2,-4,7,-9,-13,3,-32,NROI
23,11,-25,16,0,-25,12,-23,-33,NROI
36,0,-18,25,0,-31,2,-8,-33,NROI
31,13,-12,31,0,-11,23,-2,-13,NROI
25,0,-23,12,1,-32,10,-1,-20,NROI
23,0,-29,24,-9,-30,22,3,-22,NROI
22,-7,118,13,-8,-30,25,0,-32,NROI
0,125,111,-1,-23,101,7,-25,-38,NROI
51,37,26,-97,27,0,-99,-112,-27,NROI
42,31,0,32,5,-28,-107,-22,-31,NROI
53,22,30,27,-6,-1,0,-9,-2,NROI
23,31,13,-5,0,15,-8,-1,-13,NROI
32,14,-10,1,16,-51,0,-12,-103,NROI
26,2,-84,28,-39,-55,0,-91,28,NROI
31,-55,0,-10,-26,85,-62,57,75,NROI
-130,-75,31,-101,10,7,-18,0,13,NROI
-85,21,39,0,-3,-34,-10,3,32,NROI
8,26,1,-16,-47,0,-10,19,-23,NROI
-6,41,-47,60,18,-53,71,0,-50,NROI
69,-19,-1,46,-25,0,28,-22,6,NROI
-19,-1,105,-25,0,111,-22,6,114,NROI
-106,0,-10,-105,6,10,-99,9,6,NROI
-6,-16,-9,0,4,-4,3,0,2,NROI
-12,-5,-8,8,0,0,4,6,-4,NROI
0,-3,-56,5,5,-16,11,1,-24,NROI
14,-39,-31,22,1,-3,18,-7,0,NROI
-37,-29,9,3,-1,0,-5,2,14,NROI
-38,0,11,-10,-9,7,-7,5,4,NROI
0,11,-5,-9,7,-28,5,4,-37,NROI
39,23,-2,35,0,-10,32,-9,-24,NROI
33,8,-23,10,0,-25,1,-14,-27,NROI
33,2,-9,25,0,-11,11,-2,-6,NROI
11,0,-33,9,-2,-21,7,3,-13,NROI
21,-12,-33,19,0,-25,24,8,-13,NROI
13,-8,-30,25,0,-32,33,12,-23,NROI
15,-7,117,23,-9,-22,35,0,-21,NROI
-7,117,90,-9,-22,63,0,-21,55,NROI
62,35,2,-77,8,-1,-76,0,-1,NROI
30,-3,2,3,-6,1,-5,-6,0,NROI
0,5,20,-3,4,-8,-3,3,-16,NROI
13,28,-39,12,0,-91,11,-8,-89,NROI
36,-31,-47,8,-83,36,0,-81,52,NROI
-67,-83,28,-119,0,18,-117,16,37,NROI
-108,3,0,-25,-7,6,-9,12,14,NROI
-3,-6,-37,-13,0,29,6,8,40,NROI
-6,-37,10,0,29,-13,8,40,-31,NROI
60,18,-53,71,0,-50,71,-32,-47,NROI
46,-25,0,28,-22,6,-4,-19,2,NROI
-27,-2,109,-24,4,112,-21,0,100,NROI
-111,0,4,-105,3,0,-109,-9,3,NROI
0,4,-4,3,0,2,-9,3,-4,NROI
8,0,0,4,6,-4,7,0,-4,NROI
4,4,-17,10,0,-25,4,0,-52,NROI
21,0,-4,17,-8,-1,17,-35,22,NROI
1,-3,-2,-7,0,12,-34,23,29,NROI
-14,-13,3,-11,1,0,12,18,-24,NROI
-9,7,-28,5,4,-37,22,-20,0,NROI
35,0,-10,32,-9,-24,8,28,-32,NROI
24,14,-11,15,0,-13,52,-8,-18,NROI
27,2,-9,13,0,-4,5,-5,-4,NROI
7,-4,-23,5,1,-15,0,1,-7,NROI
11,-8,-33,16,0,-21,16,8,-12,NROI
13,-12,-44,21,0,-35,29,9,-21,NROI
23,-9,-22,35,0,-21,44,14,-19,NROI
-9,-22,63,0,-21,55,14,-19,91,NROI
-76,9,0,-75,1,0,-73,37,66,NROI
2,-7,0,-6,-7,-1,30,59,73,NROI
0,7,-5,0,6,-13,66,80,-41,NROI
15,3,-88,14,-5,-86,88,-33,0,NROI
3,-88,31,-5,-86,47,-33,0,73,NROI
-135,-16,2,-133,0,21,-47,26,28,NROI
-37,-19,-6,-21,0,2,5,7,12,NROI
-26,-13,16,-7,-5,27,0,5,27,NROI
-8,21,-21,0,32,-39,10,32,-71,NROI
103,32,-18,103,0,-15,66,-15,-18,NROI
32,-18,10,0,-15,6,-15,-18,9,NROI
-27,1,109,-24,-3,97,-27,0,109,NROI
-96,12,9,-100,0,12,-97,12,0,NROI
3,0,2,-9,3,-4,3,-9,-11,NROI
8,10,0,11,4,0,-1,-3,-8,NROI
13,3,-22,7,3,-49,0,-5,-12,NROI
8,-17,-10,8,-44,13,0,-7,19,NROI
-19,-12,0,-46,11,17,-9,17,5,NROI
-12,0,-1,11,17,-25,17,5,-10,NROI
5,4,-37,22,-20,0,10,-5,-50,NROI
41,0,-15,17,37,-23,32,-13,-23,NROI
23,8,-5,60,0,-10,10,0,-9,NROI
17,4,0,9,-1,0,9,0,-5,NROI
5,1,-15,0,1,-7,1,-4,-5,NROI
8,-8,-29,8,0,-20,3,2,-12,NROI
12,-9,-44,20,0,-30,22,8,-15,NROI
21,-14,-35,30,0,-33,38,15,-20,NROI
0,-21,55,14,-19,91,29,-6,-16,NROI
-75,1,0,-73,37,66,-60,-70,47,NROI
-36,-37,-31,0,29,43,-107,10,9,NROI
-6,0,-19,60,74,-47,41,40,-3,NROI
3,-16,-97,77,-44,-11,43,0,62,NROI
-16,-97,36,-44,-11,62,0,62,58,NROI
-154,-21,0,-68,5,7,5,1,-8,NROI
-23,-2,0,3,5,10,-1,-10,20,NROI
-7,-5,27,0,5,27,-15,15,-10,NROI
0,32,-39,10,32,-71,20,-5,-86,NROI
118,15,0,81,0,-3,103,-35,-1,NROI
15,0,21,0,-3,24,-35,-1,50,NROI
-24,-3,97,-27,0,109,-25,26,96,NROI
-99,1,13,-96,13,1,-70,0,-2,NROI
0,12,5,12,0,-2,-1,-3,-10,NROI
14,7,3,2,0,-5,-1,-8,-6,NROI
13,9,-43,6,1,-6,-2,0,0,NROI
9,-43,14,1,-6,20,0,0,-17,NROI
-43,14,20,-6,20,8,0,-17,-29,NROI
21,27,-15,27,15,0,-10,-22,-40,NROI
42,0,20,30,15,-30,-7,-25,-33,NROI
30,50,-10,45,0,-10,5,-3,-10,NROI
60,0,-10,10,0,-9,7,0,-6,NROI
9,-1,0,9,0,-5,9,3,-5,NROI
4,5,-3,5,0,-1,8,0,-7,NROI
8,0,-20,3,2,-12,3,-4,-14,NROI
14,-6,-36,16,2,-21,10,0,-14,NROI
15,-15,-48,23,0,-35,21,7,-20,NROI
5,-28,82,20,-15,-25,27,0,-24,NROI
-28,82,111,-15,-25,92,0,-24,87,NROI
-5,24,38,-112,5,4,-111,0,-25,NROI
24,38,-83,5,4,-39,0,-25,-23,NROI
61,-60,-27,27,-16,46,-2,0,48,NROI
-101,-68,5,-57,5,1,-41,7,0,NROI
-73,0,2,0,-4,-13,2,-5,2,NROI
-2,0,5,-6,-15,15,-7,0,7,NROI
-5,0,22,-20,10,-15,-5,2,7,NROI
0,22,-81,10,-15,-96,2,7,-131,NROI
58,-23,-26,80,-58,-24,0,2,0,NROI
-23,-26,1,-58,-24,27,2,0,12,NROI
-38,-11,98,-36,15,85,-12,0,55,NROI
-66,43,31,-40,30,28,-55,0,-3,NROI
15,3,1,2,0,-7,-28,-31,-49,NROI
8,6,1,5,-2,0,-26,-44,-52,NROI
8,3,-4,0,2,2,-42,-50,-51,NROI
7,0,26,6,6,-11,-46,-47,-48,NROI
11,37,25,17,0,-12,-36,-37,-37,NROI
49,37,22,12,0,-18,-25,-25,-25,NROI
60,45,0,23,5,-3,-2,-2,-1,NROI
46,1,-9,6,-2,-9,-1,0,0,NROI
3,-7,-16,0,-7,-13,2,2,2,NROI
0,-9,-14,0,-6,-14,9,9,11,NROI
0,-5,-6,3,-5,-12,18,20,24,NROI
0,-1,-15,0,-7,-17,25,29,6,NROI
10,-4,-27,4,-6,-20,40,17,0,NROI
2,-21,-56,0,-14,-41,23,6,10,NROI
0,-35,-45,7,-20,-44,27,31,28,NROI
-48,-58,59,-33,-57,54,18,15,0,NROI
-73,44,43,-72,39,14,0,-15,-42,NROI
28,27,-16,23,-2,0,-31,-58,25,NROI
2,-41,21,-27,-25,23,-83,0,0,NROI
-41,21,17,-25,23,16,0,0,-3,NROI
5,1,-8,7,0,7,-16,-19,-16,NROI
1,-8,22,0,7,14,-19,-16,-114,NROI
-5,25,0,10,17,22,-13,-111,-58,NROI
81,56,-25,73,78,-60,-55,-2,0,NROI
80,-58,-24,0,2,0,-1,0,-11,NROI
-58,-24,27,2,0,12,0,-11,40,NROI
-51,0,70,-27,-15,40,-38,13,34,NROI
-34,36,34,-49,6,3,-21,0,-5,NROI
33,31,24,3,0,-18,-3,-8,-22,NROI
39,32,34,8,-10,-18,0,-14,-23,NROI
46,48,48,4,-4,-5,0,-9,-10,NROI
53,53,36,1,0,-1,-4,-5,-7,NROI
54,37,25,1,0,0,-4,-6,-6,NROI
37,25,7,0,0,0,-6,-6,-4,NROI
25,7,-1,0,0,1,-6,-4,-3,NROI
8,0,-7,1,2,2,-3,-2,-3,NROI
2,-5,-11,4,4,4,0,-1,-1,NROI
-4,-10,-18,5,5,7,0,0,3,NROI
-13,-21,-28,2,4,8,-3,0,4,NROI
-21,-28,-38,4,8,-15,0,4,12,NROI
0,-10,-24,36,13,-4,32,40,-5,NROI
-5,-19,-46,18,1,5,45,0,0,NROI
-19,-46,-70,1,5,2,0,0,-2,NROI
-44,-68,43,7,4,-11,2,0,-1,NROI
-67,44,19,5,-10,-37,1,0,-75,NROI
25,0,2,-29,-56,27,-19,-94,22,NROI
-22,-20,28,-78,5,5,-116,0,2,NROI
-22,26,19,3,3,0,-2,0,0,NROI
23,16,23,0,-3,0,-3,-3,-3,NROI
16,23,30,-3,0,-98,-3,-3,0,NROI
23,30,35,0,-98,-45,-3,0,-46,NROI
75,80,-58,-53,0,2,45,-1,0,NROI
